Apache bench-10000-100,Apache bench-10000-1000,jmeter2
ContentDigest,LimitRequestFields,KeepAlive
EnableSendfile,LimitXMLRequestBody,ContentDigest
FlushMaxPipelined,MaxKeepAliveRequests,EnableSendfile
FlushMaxThreshold,MergeTrailers,FlushMaxThreshold
LimitXMLRequestBody,RLimitCPU,ReadBufferSize
MaxKeepAliveRequests,RLimitMEM,SetInputFilter
MergeTrailers,RLimitNPROC,LimitXMLRequestBody
Mutex,,MaxKeepAliveRequests
ReadBufferSize,,MergeTrailers
RLimitCPU,,
RLimitMEM,,
RLimitNPROC,,
SetInputFilter,,
