Apache-bench-10000-100,Apache-bench-10000-1000,jmeter1
server.max-keep-alive-idle,server.max-read-idle,server.stream-request-body
server.max-read-idle,server.range-requests,server.use-ipv6
server.range-requests,server.kbytes-per-second,server.stat-cache-engine
server.kbytes-per-second,connection.kbytes-per-second,server.range-requests
connection.kbytes-per-second,server.max-connections,
etag.use-inode,server.max-request-field-size,
etag.use-size,server.use-ipv6,
server.compat-module-load,,
server.network-backend,,
server.errorlog-use-syslog,,
server.max-worker,,
server.max-connections,,
server.max-request-field-size,,
server.stat-cache-engine,,
server.bsd-accept-filter,,
server.defer-accept,,
server.use-ipv6,,
