redisbenchmark-get-10000-50,redisbenchmark-set-10000-50,redisbenchmark-get-100000-100
daemonize,replica-ignore-maxmemory,lazyfree-lazy-user-flush
activerehashing,lazyfree-lazy-user-del,replica-read-only
repl-diskless-sync,set-proc-title,always-show-logo
cluster-require-full-coverage,cluster-replica-validity-factor,io-threads-do-reads
replica-read-only,cluster-announce-bus-port,lazyfree-lazy-expire
jemalloc-bg-thread,cluster-replica-no-failover,syslog-enabled
syslog-enabled,syslog-enabled,crash-memcheck-enabled
crash-memcheck-enabled,crash-memcheck-enabled,cluster-allow-replica-migration
cluster-allow-replica-migration,io-threads,lfu-log-factor
io-threads,auto-aof-rewrite-percentage,replica-priority
auto-aof-rewrite-percentage,cluster-migration-barrier,list-compress-depth
cluster-migration-barrier,active-defrag-cycle-max,active-expire-effort
active-defrag-cycle-max,active-defrag-threshold-lower,hz
active-defrag-threshold-lower,active-defrag-threshold-upper,list-max-ziplist-size
active-defrag-threshold-upper,repl-diskless-sync-delay,maxmemory-eviction-tenacity
lfu-log-factor,maxmemory-eviction-tenacity,tcp-backlog
replica-priority,list-compress-depth,
repl-diskless-sync-delay,,
maxmemory-eviction-tenacity,,
timeout,,
tcp-backlog,,
repl-timeout,,
list-compress-depth,,
active-expire-effort,,
hz,,
list-max-ziplist-size,,
